date,prime
2018-05-29,
2018-05-28,
2018-05-25,
2018-05-24,
2018-05-23,3.45
2018-05-22,
2018-05-21,
2018-05-18,
2018-05-17,
2018-05-16,3.45
2018-05-15,
2018-05-14,
2018-05-11,
2018-05-10,
2018-05-09,3.45
2018-05-08,
2018-05-07,
2018-05-04,
2018-05-03,
2018-05-02,3.45
2018-05-01,
2018-04-30,
2018-04-27,
2018-04-26,
2018-04-25,3.45
2018-04-24,
2018-04-23,
2018-04-20,
2018-04-19,
2018-04-18,3.45
2018-04-17,
2018-04-16,
2018-04-13,
2018-04-12,
2018-04-11,3.45
2018-04-10,
2018-04-09,
2018-04-06,
2018-04-05,
2018-04-04,3.45
2018-04-03,
2018-04-02,
2018-03-30,
2018-03-29,
2018-03-28,3.45
2018-03-27,
2018-03-26,
2018-03-23,
2018-03-22,
2018-03-21,3.45
2018-03-20,
2018-03-19,
2018-03-16,
2018-03-15,
2018-03-14,3.45
2018-03-13,
2018-03-12,
2018-03-09,
2018-03-08,
2018-03-07,3.45
2018-03-06,
2018-03-05,
2018-03-02,
2018-03-01,
2018-02-28,3.45
2018-02-27,
2018-02-26,
2018-02-23,
2018-02-22,
2018-02-21,3.45
2018-02-20,
2018-02-19,
2018-02-16,
2018-02-15,
2018-02-14,3.45
2018-02-13,
2018-02-12,
2018-02-09,
2018-02-08,
2018-02-07,3.45
2018-02-06,
2018-02-05,
2018-02-02,
2018-02-01,
2018-01-31,3.45
2018-01-30,
2018-01-29,
2018-01-26,
2018-01-25,
2018-01-24,3.45
2018-01-23,
2018-01-22,
2018-01-19,
2018-01-18,
2018-01-17,3.2
2018-01-16,
2018-01-15,
2018-01-12,
2018-01-11,
2018-01-10,3.2
2018-01-09,
2018-01-08,
2018-01-05,
2018-01-04,
2018-01-03,3.2
2018-01-02,
2018-01-01,
2017-12-29,
2017-12-28,
2017-12-27,3.2
2017-12-26,
2017-12-25,
2017-12-22,
2017-12-21,
2017-12-20,3.2
2017-12-19,
2017-12-18,
2017-12-15,
2017-12-14,
2017-12-13,3.2
2017-12-12,
2017-12-11,
2017-12-08,
2017-12-07,
2017-12-06,3.2
2017-12-05,
2017-12-04,
2017-12-01,
2017-11-30,
2017-11-29,3.2
2017-11-28,
2017-11-27,
2017-11-24,
2017-11-23,
2017-11-22,3.2
2017-11-21,
2017-11-20,
2017-11-17,
2017-11-16,
2017-11-15,3.2
2017-11-14,
2017-11-13,
2017-11-10,
2017-11-09,
2017-11-08,3.2
2017-11-07,
2017-11-06,
2017-11-03,
2017-11-02,
2017-11-01,3.2
2017-10-31,
2017-10-30,
2017-10-27,
2017-10-26,
2017-10-25,3.2
2017-10-24,
2017-10-23,
2017-10-20,
2017-10-19,
2017-10-18,3.2
2017-10-17,
2017-10-16,
2017-10-13,
2017-10-12,
2017-10-11,3.2
2017-10-10,
2017-10-09,
2017-10-06,
2017-10-05,
2017-10-04,3.2
2017-10-03,
2017-10-02,
2017-09-29,
2017-09-28,
2017-09-27,3.2
2017-09-26,
2017-09-25,
2017-09-22,
2017-09-21,
2017-09-20,3.2
2017-09-19,
2017-09-18,
2017-09-15,
2017-09-14,
2017-09-13,3.2
2017-09-12,
2017-09-11,
2017-09-08,
2017-09-07,
2017-09-06,2.95
2017-09-05,
2017-09-04,
2017-09-01,
2017-08-31,
2017-08-30,2.95
2017-08-29,
2017-08-28,
2017-08-25,
2017-08-24,
2017-08-23,2.95
2017-08-22,
2017-08-21,
2017-08-18,
2017-08-17,
2017-08-16,2.95
2017-08-15,
2017-08-14,
2017-08-11,
2017-08-10,
2017-08-09,2.95
2017-08-08,
2017-08-07,
2017-08-04,
2017-08-03,
2017-08-02,2.95
2017-08-01,
2017-07-31,
2017-07-28,
2017-07-27,
2017-07-26,2.95
2017-07-25,
2017-07-24,
2017-07-21,
2017-07-20,
2017-07-19,2.95
2017-07-18,
2017-07-17,
2017-07-14,
2017-07-13,
2017-07-12,2.7
2017-07-11,
2017-07-10,
2017-07-07,
2017-07-06,
2017-07-05,2.7
2017-07-04,
2017-07-03,
2017-06-30,
2017-06-29,
2017-06-28,2.7
2017-06-27,
2017-06-26,
2017-06-23,
2017-06-22,
2017-06-21,2.7
2017-06-20,
2017-06-19,
2017-06-16,
2017-06-15,
2017-06-14,2.7
2017-06-13,
2017-06-12,
2017-06-09,
2017-06-08,
2017-06-07,2.7
2017-06-06,
2017-06-05,
2017-06-02,
2017-06-01,
2017-05-31,2.7
2017-05-30,
2017-05-29,
2017-05-26,
2017-05-25,
2017-05-24,2.7
2017-05-23,
2017-05-22,
2017-05-19,
2017-05-18,
2017-05-17,2.7
2017-05-16,
2017-05-15,
2017-05-12,
2017-05-11,
2017-05-10,2.7
2017-05-09,
2017-05-08,
2017-05-05,
2017-05-04,
2017-05-03,2.7
2017-05-02,
2017-05-01,
2017-04-28,
2017-04-27,
2017-04-26,2.7
2017-04-25,
2017-04-24,
2017-04-21,
2017-04-20,
2017-04-19,2.7
2017-04-18,
2017-04-17,
2017-04-14,
2017-04-13,
2017-04-12,2.7
2017-04-11,
2017-04-10,
2017-04-07,
2017-04-06,
2017-04-05,2.7
2017-04-04,
2017-04-03,
2017-03-31,
2017-03-30,
2017-03-29,2.7
2017-03-28,
2017-03-27,
2017-03-24,
2017-03-23,
2017-03-22,2.7
2017-03-21,
2017-03-20,
2017-03-17,
2017-03-16,
2017-03-15,2.7
2017-03-14,
2017-03-13,
2017-03-10,
2017-03-09,
2017-03-08,2.7
2017-03-07,
2017-03-06,
2017-03-03,
2017-03-02,
2017-03-01,2.7
2017-02-28,
2017-02-27,
2017-02-24,
2017-02-23,
2017-02-22,2.7
2017-02-21,
2017-02-20,
2017-02-17,
2017-02-16,
2017-02-15,2.7
2017-02-14,
2017-02-13,
2017-02-10,
2017-02-09,
2017-02-08,2.7
2017-02-07,
2017-02-06,
2017-02-03,
2017-02-02,
2017-02-01,2.7
2017-01-31,
2017-01-30,
2017-01-27,
2017-01-26,
2017-01-25,2.7
2017-01-24,
2017-01-23,
2017-01-20,
2017-01-19,
2017-01-18,2.7
2017-01-17,
2017-01-16,
2017-01-13,
2017-01-12,
2017-01-11,2.7
2017-01-10,
2017-01-09,
2017-01-06,
2017-01-05,
2017-01-04,2.7
2017-01-03,
2017-01-02,
2016-12-30,
2016-12-29,
2016-12-28,2.7
2016-12-27,
2016-12-26,
2016-12-23,
2016-12-22,
2016-12-21,2.7
2016-12-20,
2016-12-19,
2016-12-16,
2016-12-15,
2016-12-14,2.7
2016-12-13,
2016-12-12,
2016-12-09,
2016-12-08,
2016-12-07,2.7
2016-12-06,
2016-12-05,
2016-12-02,
2016-12-01,
2016-11-30,2.7
2016-11-29,
2016-11-28,
2016-11-25,
2016-11-24,
2016-11-23,2.7
2016-11-22,
2016-11-21,
2016-11-18,
2016-11-17,
2016-11-16,2.7
2016-11-15,
2016-11-14,
2016-11-11,
2016-11-10,
2016-11-09,2.7
2016-11-08,
2016-11-07,
2016-11-04,
2016-11-03,
2016-11-02,2.7
2016-11-01,
2016-10-31,
2016-10-28,
2016-10-27,
2016-10-26,2.7
2016-10-25,
2016-10-24,
2016-10-21,
2016-10-20,
2016-10-19,2.7
2016-10-18,
2016-10-17,
2016-10-14,
2016-10-13,
2016-10-12,2.7
2016-10-11,
2016-10-10,
2016-10-07,
2016-10-06,
2016-10-05,2.7
2016-10-04,
2016-10-03,
2016-09-30,
2016-09-29,
2016-09-28,2.7
2016-09-27,
2016-09-26,
2016-09-23,
2016-09-22,
2016-09-21,2.7
2016-09-20,
2016-09-19,
2016-09-16,
2016-09-15,
2016-09-14,2.7
2016-09-13,
2016-09-12,
2016-09-09,
2016-09-08,
2016-09-07,2.7
2016-09-06,
2016-09-05,
2016-09-02,
2016-09-01,
2016-08-31,2.7
2016-08-30,
2016-08-29,
2016-08-26,
2016-08-25,
2016-08-24,2.7
2016-08-23,
2016-08-22,
2016-08-19,
2016-08-18,
2016-08-17,2.7
2016-08-16,
2016-08-15,
2016-08-12,
2016-08-11,
2016-08-10,2.7
2016-08-09,
2016-08-08,
2016-08-05,
2016-08-04,
2016-08-03,2.7
2016-08-02,
2016-08-01,
2016-07-29,
2016-07-28,
2016-07-27,2.7
2016-07-26,
2016-07-25,
2016-07-22,
2016-07-21,
2016-07-20,2.7
2016-07-19,
2016-07-18,
2016-07-15,
2016-07-14,
2016-07-13,2.7
2016-07-12,
2016-07-11,
2016-07-08,
2016-07-07,
2016-07-06,2.7
2016-07-05,
2016-07-04,
2016-07-01,
2016-06-30,
2016-06-29,2.7
2016-06-28,
2016-06-27,
2016-06-24,
2016-06-23,
2016-06-22,2.7
2016-06-21,
2016-06-20,
2016-06-17,
2016-06-16,
2016-06-15,2.7
2016-06-14,
2016-06-13,
2016-06-10,
2016-06-09,
2016-06-08,2.7
2016-06-07,
2016-06-06,
2016-06-03,
2016-06-02,
2016-06-01,2.7
2016-05-31,
2016-05-30,
2016-05-27,
2016-05-26,
2016-05-25,2.7
2016-05-24,
2016-05-23,
2016-05-20,
2016-05-19,
2016-05-18,2.7
2016-05-17,
2016-05-16,
2016-05-13,
2016-05-12,
2016-05-11,2.7
2016-05-10,
2016-05-09,
2016-05-06,
2016-05-05,
2016-05-04,2.7
2016-05-03,
2016-05-02,
2016-04-29,
2016-04-28,
2016-04-27,2.7
2016-04-26,
2016-04-25,
2016-04-22,
2016-04-21,
2016-04-20,2.7
2016-04-19,
2016-04-18,
2016-04-15,
2016-04-14,
2016-04-13,2.7
2016-04-12,
2016-04-11,
2016-04-08,
2016-04-07,
2016-04-06,2.7
2016-04-05,
2016-04-04,
2016-04-01,
2016-03-31,
2016-03-30,2.7
2016-03-29,
2016-03-28,
2016-03-25,
2016-03-24,
2016-03-23,2.7
2016-03-22,
2016-03-21,
2016-03-18,
2016-03-17,
2016-03-16,2.7
2016-03-15,
2016-03-14,
2016-03-11,
2016-03-10,
2016-03-09,2.7
2016-03-08,
2016-03-07,
2016-03-04,
2016-03-03,
2016-03-02,2.7
2016-03-01,
2016-02-29,
2016-02-26,
2016-02-25,
2016-02-24,2.7
2016-02-23,
2016-02-22,
2016-02-19,
2016-02-18,
2016-02-17,2.7
2016-02-16,
2016-02-15,
2016-02-12,
2016-02-11,
2016-02-10,2.7
2016-02-09,
2016-02-08,
2016-02-05,
2016-02-04,
2016-02-03,2.7
2016-02-02,
2016-02-01,
2016-01-29,
2016-01-28,
2016-01-27,2.7
2016-01-26,
2016-01-25,
2016-01-22,
2016-01-21,
2016-01-20,2.7
2016-01-19,
2016-01-18,
2016-01-15,
2016-01-14,
2016-01-13,2.7
2016-01-12,
2016-01-11,
2016-01-08,
2016-01-07,
2016-01-06,2.7
2016-01-05,
2016-01-04,
2016-01-01,
2015-12-31,
2015-12-30,2.7
2015-12-29,
2015-12-28,
2015-12-25,
2015-12-24,
2015-12-23,2.7
2015-12-22,
2015-12-21,
2015-12-18,
2015-12-17,
2015-12-16,2.7
2015-12-15,
2015-12-14,
2015-12-11,
2015-12-10,
2015-12-09,2.7
2015-12-08,
2015-12-07,
2015-12-04,
2015-12-03,
2015-12-02,2.7
2015-12-01,
2015-11-30,
2015-11-27,
2015-11-26,
2015-11-25,2.7
2015-11-24,
2015-11-23,
2015-11-20,
2015-11-19,
2015-11-18,2.7
2015-11-17,
2015-11-16,
2015-11-13,
2015-11-12,
2015-11-11,2.7
2015-11-10,
2015-11-09,
2015-11-06,
2015-11-05,
2015-11-04,2.7
2015-11-03,
2015-11-02,
2015-10-30,
2015-10-29,
2015-10-28,2.7
2015-10-27,
2015-10-26,
2015-10-23,
2015-10-22,
2015-10-21,2.7
2015-10-20,
2015-10-19,
2015-10-16,
2015-10-15,
2015-10-14,2.7
2015-10-13,
2015-10-12,
2015-10-09,
2015-10-08,
2015-10-07,2.7
2015-10-06,
2015-10-05,
2015-10-02,
2015-10-01,
2015-09-30,2.7
2015-09-29,
2015-09-28,
2015-09-25,
2015-09-24,
2015-09-23,2.7
2015-09-22,
2015-09-21,
2015-09-18,
2015-09-17,
2015-09-16,2.7
2015-09-15,
2015-09-14,
2015-09-11,
2015-09-10,
2015-09-09,2.7
2015-09-08,
2015-09-07,
2015-09-04,
2015-09-03,
2015-09-02,2.7
2015-09-01,
2015-08-31,
2015-08-28,
2015-08-27,
2015-08-26,2.7
2015-08-25,
2015-08-24,
2015-08-21,
2015-08-20,
2015-08-19,2.7
2015-08-18,
2015-08-17,
2015-08-14,
2015-08-13,
2015-08-12,2.7
2015-08-11,
2015-08-10,
2015-08-07,
2015-08-06,
2015-08-05,2.7
2015-08-04,
2015-08-03,
2015-07-31,
2015-07-30,
2015-07-29,2.7
2015-07-28,
2015-07-27,
2015-07-24,
2015-07-23,
2015-07-22,2.7
2015-07-21,
2015-07-20,
2015-07-17,
2015-07-16,
2015-07-15,2.85
2015-07-14,
2015-07-13,
2015-07-10,
2015-07-09,
2015-07-08,2.85
2015-07-07,
2015-07-06,
2015-07-03,
2015-07-02,
2015-07-01,2.85
2015-06-30,
2015-06-29,
2015-06-26,
2015-06-25,
2015-06-24,2.85
2015-06-23,
2015-06-22,
2015-06-19,
2015-06-18,
2015-06-17,2.85
2015-06-16,
2015-06-15,
2015-06-12,
2015-06-11,
2015-06-10,2.85
2015-06-09,
2015-06-08,
2015-06-05,
2015-06-04,
2015-06-03,2.85
2015-06-02,
2015-06-01,
2015-05-29,
2015-05-28,
2015-05-27,2.85
2015-05-26,
2015-05-25,
2015-05-22,
2015-05-21,
2015-05-20,2.85
2015-05-19,
2015-05-18,
2015-05-15,
2015-05-14,
2015-05-13,2.85
2015-05-12,
2015-05-11,
2015-05-08,
2015-05-07,
2015-05-06,2.85
2015-05-05,
2015-05-04,
2015-05-01,
2015-04-30,
2015-04-29,2.85
2015-04-28,
2015-04-27,
2015-04-24,
2015-04-23,
2015-04-22,2.85
2015-04-21,
2015-04-20,
2015-04-17,
2015-04-16,
2015-04-15,2.85
2015-04-14,
2015-04-13,
2015-04-10,
2015-04-09,
2015-04-08,2.85
2015-04-07,
2015-04-06,
2015-04-03,
2015-04-02,
2015-04-01,2.85
2015-03-31,
2015-03-30,
2015-03-27,
2015-03-26,
2015-03-25,2.85
2015-03-24,
2015-03-23,
2015-03-20,
2015-03-19,
2015-03-18,2.85
2015-03-17,
2015-03-16,
2015-03-13,
2015-03-12,
2015-03-11,2.85
2015-03-10,
2015-03-09,
2015-03-06,
2015-03-05,
2015-03-04,2.85
2015-03-03,
2015-03-02,
2015-02-27,
2015-02-26,
2015-02-25,2.85
2015-02-24,
2015-02-23,
2015-02-20,
2015-02-19,
2015-02-18,2.85
2015-02-17,
2015-02-16,
2015-02-13,
2015-02-12,
2015-02-11,2.85
2015-02-10,
2015-02-09,
2015-02-06,
2015-02-05,
2015-02-04,2.85
2015-02-03,
2015-02-02,
2015-01-30,
2015-01-29,
2015-01-28,2.85
2015-01-27,
2015-01-26,
2015-01-23,
2015-01-22,
2015-01-21,3
2015-01-20,
2015-01-19,
2015-01-16,
2015-01-15,
2015-01-14,3
2015-01-13,
2015-01-12,
2015-01-09,
2015-01-08,
2015-01-07,3
2015-01-06,
2015-01-05,
2015-01-02,
2015-01-01,
2014-12-31,3
2014-12-30,
2014-12-29,
2014-12-26,
2014-12-25,
2014-12-24,3
2014-12-23,
2014-12-22,
2014-12-19,
2014-12-18,
2014-12-17,3
2014-12-16,
2014-12-15,
2014-12-12,
2014-12-11,
2014-12-10,3
2014-12-09,
2014-12-08,
2014-12-05,
2014-12-04,
2014-12-03,3
2014-12-02,
2014-12-01,
2014-11-28,
2014-11-27,
2014-11-26,3
2014-11-25,
2014-11-24,
2014-11-21,
2014-11-20,
2014-11-19,3
2014-11-18,
2014-11-17,
2014-11-14,
2014-11-13,
2014-11-12,3
2014-11-11,
2014-11-10,
2014-11-07,
2014-11-06,
2014-11-05,3
2014-11-04,
2014-11-03,
2014-10-31,
2014-10-30,
2014-10-29,3
2014-10-28,
2014-10-27,
2014-10-24,
2014-10-23,
2014-10-22,3
2014-10-21,
2014-10-20,
2014-10-17,
2014-10-16,
2014-10-15,3
2014-10-14,
2014-10-13,
2014-10-10,
2014-10-09,
2014-10-08,3
2014-10-07,
2014-10-06,
2014-10-03,
2014-10-02,
2014-10-01,3
2014-09-30,
2014-09-29,
2014-09-26,
2014-09-25,
2014-09-24,3
2014-09-23,
2014-09-22,
2014-09-19,
2014-09-18,
2014-09-17,3
2014-09-16,
2014-09-15,
2014-09-12,
2014-09-11,
2014-09-10,3
2014-09-09,
2014-09-08,
2014-09-05,
2014-09-04,
2014-09-03,3
2014-09-02,
2014-09-01,
2014-08-29,
2014-08-28,
2014-08-27,3
2014-08-26,
2014-08-25,
2014-08-22,
2014-08-21,
2014-08-20,3
2014-08-19,
2014-08-18,
2014-08-15,
2014-08-14,
2014-08-13,3
2014-08-12,
2014-08-11,
2014-08-08,
2014-08-07,
2014-08-06,3
2014-08-05,
2014-08-04,
2014-08-01,
2014-07-31,
2014-07-30,3
2014-07-29,
2014-07-28,
2014-07-25,
2014-07-24,
2014-07-23,3
2014-07-22,
2014-07-21,
2014-07-18,
2014-07-17,
2014-07-16,3
2014-07-15,
2014-07-14,
2014-07-11,
2014-07-10,
2014-07-09,3
2014-07-08,
2014-07-07,
2014-07-04,
2014-07-03,
2014-07-02,3
2014-07-01,
2014-06-30,
2014-06-27,
2014-06-26,
2014-06-25,3
2014-06-24,
2014-06-23,
2014-06-20,
2014-06-19,
2014-06-18,3
2014-06-17,
2014-06-16,
2014-06-13,
2014-06-12,
2014-06-11,3
2014-06-10,
2014-06-09,
2014-06-06,
2014-06-05,
2014-06-04,3
2014-06-03,
2014-06-02,
2014-05-30,
2014-05-29,
2014-05-28,3
2014-05-27,
2014-05-26,
2014-05-23,
2014-05-22,
2014-05-21,3
2014-05-20,
2014-05-19,
2014-05-16,
2014-05-15,
2014-05-14,3
2014-05-13,
2014-05-12,
2014-05-09,
2014-05-08,
2014-05-07,3
2014-05-06,
2014-05-05,
2014-05-02,
2014-05-01,
2014-04-30,3
2014-04-29,
2014-04-28,
2014-04-25,
2014-04-24,
2014-04-23,3
2014-04-22,
2014-04-21,
2014-04-18,
2014-04-17,
2014-04-16,3
2014-04-15,
2014-04-14,
2014-04-11,
2014-04-10,
2014-04-09,3
2014-04-08,
2014-04-07,
2014-04-04,
2014-04-03,
2014-04-02,3
2014-04-01,
2014-03-31,
2014-03-28,
2014-03-27,
2014-03-26,3
2014-03-25,
2014-03-24,
2014-03-21,
2014-03-20,
2014-03-19,3
2014-03-18,
2014-03-17,
2014-03-14,
2014-03-13,
2014-03-12,3
2014-03-11,
2014-03-10,
2014-03-07,
2014-03-06,
2014-03-05,3
2014-03-04,
2014-03-03,
2014-02-28,
2014-02-27,
2014-02-26,3
2014-02-25,
2014-02-24,
2014-02-21,
2014-02-20,
2014-02-19,3
2014-02-18,
2014-02-17,
2014-02-14,
2014-02-13,
2014-02-12,3
2014-02-11,
2014-02-10,
2014-02-07,
2014-02-06,
2014-02-05,3
2014-02-04,
2014-02-03,
2014-01-31,
2014-01-30,
2014-01-29,3
2014-01-28,
2014-01-27,
2014-01-24,
2014-01-23,
2014-01-22,3
2014-01-21,
2014-01-20,
2014-01-17,
2014-01-16,
2014-01-15,3
2014-01-14,
2014-01-13,
2014-01-10,
2014-01-09,
2014-01-08,3
2014-01-07,
2014-01-06,
2014-01-03,
2014-01-02,
2014-01-01,3
2013-12-31,
2013-12-30,
2013-12-27,
2013-12-26,
2013-12-25,3
2013-12-24,
2013-12-23,
2013-12-20,
2013-12-19,
2013-12-18,3
2013-12-17,
2013-12-16,
2013-12-13,
2013-12-12,
2013-12-11,3
2013-12-10,
2013-12-09,
2013-12-06,
2013-12-05,
2013-12-04,3
2013-12-03,
2013-12-02,
2013-11-29,
2013-11-28,
2013-11-27,3
2013-11-26,
2013-11-25,
2013-11-22,
2013-11-21,
2013-11-20,3
2013-11-19,
2013-11-18,
2013-11-15,
2013-11-14,
2013-11-13,3
2013-11-12,
2013-11-11,
2013-11-08,
2013-11-07,
2013-11-06,3
2013-11-05,
2013-11-04,
2013-11-01,
2013-10-31,
2013-10-30,3
2013-10-29,
2013-10-28,
2013-10-25,
2013-10-24,
2013-10-23,3
2013-10-22,
2013-10-21,
2013-10-18,
2013-10-17,
2013-10-16,3
2013-10-15,
2013-10-14,
2013-10-11,
2013-10-10,
2013-10-09,3
2013-10-08,
2013-10-07,
2013-10-04,
2013-10-03,
2013-10-02,3
2013-10-01,
2013-09-30,
2013-09-27,
2013-09-26,
2013-09-25,3
2013-09-24,
2013-09-23,
2013-09-20,
2013-09-19,
2013-09-18,3
2013-09-17,
2013-09-16,
2013-09-13,
2013-09-12,
2013-09-11,3
2013-09-10,
2013-09-09,
2013-09-06,
2013-09-05,
2013-09-04,3
2013-09-03,
2013-09-02,
2013-08-30,
2013-08-29,
2013-08-28,3
2013-08-27,
2013-08-26,
2013-08-23,
2013-08-22,
2013-08-21,3
2013-08-20,
2013-08-19,
2013-08-16,
2013-08-15,
2013-08-14,3
2013-08-13,
2013-08-12,
2013-08-09,
2013-08-08,
2013-08-07,3
2013-08-06,
2013-08-05,
2013-08-02,
2013-08-01,3
2013-07-31,3
2013-07-30,
2013-07-29,
2013-07-26,
2013-07-25,
2013-07-24,3
2013-07-23,
2013-07-22,
2013-07-19,
2013-07-18,
2013-07-17,3
2013-07-16,
2013-07-15,
2013-07-12,
2013-07-11,
2013-07-10,3
2013-07-09,
2013-07-08,
2013-07-05,
2013-07-04,
2013-07-03,3
2013-07-02,
2013-07-01,3
2013-06-28,
2013-06-27,
2013-06-26,3
2013-06-25,
2013-06-24,
2013-06-21,
2013-06-20,
2013-06-19,3
2013-06-18,
2013-06-17,
2013-06-14,
2013-06-13,
2013-06-12,3
2013-06-11,
2013-06-10,
2013-06-07,
2013-06-06,
2013-06-05,3
2013-06-04,
2013-06-03,
2013-05-31,
2013-05-30,
2013-05-29,3
2013-05-28,
2013-05-27,
2013-05-24,
2013-05-23,
2013-05-22,3
2013-05-21,
2013-05-20,
2013-05-17,
2013-05-16,
2013-05-15,3
2013-05-14,
2013-05-13,
2013-05-10,
2013-05-09,
2013-05-08,3
2013-05-07,
2013-05-06,
2013-05-03,
2013-05-02,
2013-05-01,3
2013-04-30,
2013-04-29,
2013-04-26,
2013-04-25,
2013-04-24,3
2013-04-23,
2013-04-22,
2013-04-19,
2013-04-18,
2013-04-17,3
2013-04-16,
2013-04-15,
2013-04-12,
2013-04-11,
2013-04-10,3
2013-04-09,
2013-04-08,
2013-04-05,
2013-04-04,
2013-04-03,3
2013-04-02,
2013-04-01,3
2013-03-29,
2013-03-28,
2013-03-27,3
2013-03-26,
2013-03-25,
2013-03-22,
2013-03-21,
2013-03-20,3
2013-03-19,
2013-03-18,
2013-03-15,
2013-03-14,
2013-03-13,3
2013-03-12,
2013-03-11,
2013-03-08,
2013-03-07,
2013-03-06,3
2013-03-05,
2013-03-04,
2013-03-01,3
2013-02-28,
2013-02-27,3
2013-02-26,
2013-02-25,
2013-02-22,
2013-02-21,
2013-02-20,3
2013-02-19,
2013-02-18,
2013-02-15,
2013-02-14,
2013-02-13,3
2013-02-12,
2013-02-11,
2013-02-08,
2013-02-07,
2013-02-06,3
2013-02-05,
2013-02-04,
2013-02-01,3
2013-01-31,
2013-01-30,3
2013-01-29,
2013-01-28,
2013-01-25,
2013-01-24,
2013-01-23,3
2013-01-22,
2013-01-21,
2013-01-18,
2013-01-17,
2013-01-16,3
2013-01-15,
2013-01-14,
2013-01-11,
2013-01-10,
2013-01-09,3
2013-01-08,
2013-01-07,
2013-01-04,
2013-01-03,
2013-01-02,3
2013-01-01,3
2012-12-31,
2012-12-28,
2012-12-27,
2012-12-26,3
2012-12-25,
2012-12-24,
2012-12-21,
2012-12-20,
2012-12-19,3
2012-12-18,
2012-12-17,
2012-12-14,
2012-12-13,
2012-12-12,3
2012-12-11,
2012-12-10,
2012-12-07,
2012-12-06,
2012-12-05,3
2012-12-04,
2012-12-03,
2012-11-30,
2012-11-29,
2012-11-28,3
2012-11-27,
2012-11-26,
2012-11-23,
2012-11-22,
2012-11-21,3
2012-11-20,
2012-11-19,
2012-11-16,
2012-11-15,
2012-11-14,3
2012-11-13,
2012-11-12,
2012-11-09,
2012-11-08,
2012-11-07,3
2012-11-06,
2012-11-05,
2012-11-02,
2012-11-01,3
2012-10-31,3
2012-10-30,
2012-10-29,
2012-10-26,
2012-10-25,
2012-10-24,3
2012-10-23,
2012-10-22,
2012-10-19,
2012-10-18,
2012-10-17,3
2012-10-16,
2012-10-15,
2012-10-12,
2012-10-11,
2012-10-10,3
2012-10-09,
2012-10-08,
2012-10-05,
2012-10-04,
2012-10-03,3
2012-10-02,
2012-10-01,3
2012-09-28,
2012-09-27,
2012-09-26,3
2012-09-25,
2012-09-24,
2012-09-21,
2012-09-20,
2012-09-19,3
2012-09-18,
2012-09-17,
2012-09-14,
2012-09-13,
2012-09-12,3
2012-09-11,
2012-09-10,
2012-09-07,
2012-09-06,
2012-09-05,3
2012-09-04,
2012-09-03,
2012-08-31,
2012-08-30,
2012-08-29,3
2012-08-28,
2012-08-27,
2012-08-24,
2012-08-23,
2012-08-22,3
2012-08-21,
2012-08-20,
2012-08-17,
2012-08-16,
2012-08-15,3
2012-08-14,
2012-08-13,
2012-08-10,
2012-08-09,
2012-08-08,3
2012-08-07,
2012-08-06,
2012-08-03,
2012-08-02,
2012-08-01,3
2012-07-31,
2012-07-30,
2012-07-27,
2012-07-26,
2012-07-25,3
2012-07-24,
2012-07-23,
2012-07-20,
2012-07-19,
2012-07-18,3
2012-07-17,
2012-07-16,
2012-07-13,
2012-07-12,
2012-07-11,3
2012-07-10,
2012-07-09,
2012-07-06,
2012-07-05,
2012-07-04,3
2012-07-03,
2012-07-02,
2012-06-29,
2012-06-28,
2012-06-27,3
2012-06-26,
2012-06-25,
2012-06-22,
2012-06-21,
2012-06-20,3
2012-06-19,
2012-06-18,
2012-06-15,
2012-06-14,
2012-06-13,3
2012-06-12,
2012-06-11,
2012-06-08,
2012-06-07,
2012-06-06,3
2012-06-05,
2012-06-04,
2012-06-01,3
2012-05-31,
2012-05-30,3
2012-05-29,
2012-05-28,
2012-05-25,
2012-05-24,
2012-05-23,3
2012-05-22,
2012-05-21,
2012-05-18,
2012-05-17,
2012-05-16,3
2012-05-15,
2012-05-14,
2012-05-11,
2012-05-10,
2012-05-09,3
2012-05-08,
2012-05-07,
2012-05-04,
2012-05-03,
2012-05-02,3
2012-05-01,3
2012-04-30,
2012-04-27,
2012-04-26,
2012-04-25,3
2012-04-24,
2012-04-23,
2012-04-20,
2012-04-19,
2012-04-18,3
2012-04-17,
2012-04-16,
2012-04-13,
2012-04-12,
2012-04-11,3
2012-04-10,
2012-04-09,
2012-04-06,
2012-04-05,
2012-04-04,3
2012-04-03,
2012-04-02,
2012-03-30,
2012-03-29,
2012-03-28,3
2012-03-27,
2012-03-26,
2012-03-23,
2012-03-22,
2012-03-21,3
2012-03-20,
2012-03-19,
2012-03-16,
2012-03-15,
2012-03-14,3
2012-03-13,
2012-03-12,
2012-03-09,
2012-03-08,
2012-03-07,3
2012-03-06,
2012-03-05,
2012-03-02,
2012-03-01,3
2012-02-29,3
2012-02-28,
2012-02-27,
2012-02-24,
2012-02-23,
2012-02-22,3
2012-02-21,
2012-02-20,
2012-02-17,
2012-02-16,
2012-02-15,3
2012-02-14,
2012-02-13,
2012-02-10,
2012-02-09,
2012-02-08,3
2012-02-07,
2012-02-06,
2012-02-03,
2012-02-02,
2012-02-01,3
2012-01-31,
2012-01-30,
2012-01-27,
2012-01-26,
2012-01-25,3
2012-01-24,
2012-01-23,
2012-01-20,
2012-01-19,
2012-01-18,3
2012-01-17,
2012-01-16,
2012-01-13,
2012-01-12,
2012-01-11,3
2012-01-10,
2012-01-09,
2012-01-06,
2012-01-05,
2012-01-04,3
2012-01-03,
2012-01-02,
2011-12-30,
2011-12-29,
2011-12-28,3
2011-12-27,
2011-12-26,
2011-12-23,
2011-12-22,
2011-12-21,3
2011-12-20,
2011-12-19,
2011-12-16,
2011-12-15,
2011-12-14,3
2011-12-13,
2011-12-12,
2011-12-09,
2011-12-08,
2011-12-07,3
2011-12-06,
2011-12-05,
2011-12-02,
2011-12-01,3
2011-11-30,3
2011-11-29,
2011-11-28,
2011-11-25,
2011-11-24,
2011-11-23,3
2011-11-22,
2011-11-21,
2011-11-18,
2011-11-17,
2011-11-16,3
2011-11-15,
2011-11-14,
2011-11-11,
2011-11-10,
2011-11-09,3
2011-11-08,
2011-11-07,
2011-11-04,
2011-11-03,
2011-11-02,3
2011-11-01,3
2011-10-31,
2011-10-28,
2011-10-27,
2011-10-26,3
2011-10-25,
2011-10-24,
2011-10-21,
2011-10-20,
2011-10-19,3
2011-10-18,
2011-10-17,
2011-10-14,
2011-10-13,
2011-10-12,3
2011-10-11,
2011-10-10,
2011-10-07,
2011-10-06,
2011-10-05,3
2011-10-04,
2011-10-03,
2011-09-30,
2011-09-29,
2011-09-28,3
2011-09-27,
2011-09-26,
2011-09-23,
2011-09-22,
2011-09-21,3
2011-09-20,
2011-09-19,
2011-09-16,
2011-09-15,
2011-09-14,3
2011-09-13,
2011-09-12,
2011-09-09,
2011-09-08,
2011-09-07,3
2011-09-06,
2011-09-05,
2011-09-02,
2011-09-01,3
2011-08-31,3
2011-08-30,
2011-08-29,
2011-08-26,
2011-08-25,
2011-08-24,3
2011-08-23,
2011-08-22,
2011-08-19,
2011-08-18,
2011-08-17,3
2011-08-16,
2011-08-15,
2011-08-12,
2011-08-11,
2011-08-10,3
2011-08-09,
2011-08-08,
2011-08-05,
2011-08-04,
2011-08-03,3
2011-08-02,
2011-08-01,3
2011-07-29,
2011-07-28,
2011-07-27,3
2011-07-26,
2011-07-25,
2011-07-22,
2011-07-21,
2011-07-20,3
2011-07-19,
2011-07-18,
2011-07-15,
2011-07-14,
2011-07-13,3
2011-07-12,
2011-07-11,
2011-07-08,
2011-07-07,
2011-07-06,3
2011-07-05,
2011-07-04,
2011-07-01,3
2011-06-30,
2011-06-29,3
2011-06-28,
2011-06-27,
2011-06-24,
2011-06-23,
2011-06-22,3
2011-06-21,
2011-06-20,
2011-06-17,
2011-06-16,
2011-06-15,3
2011-06-14,
2011-06-13,
2011-06-10,
2011-06-09,
2011-06-08,3
2011-06-07,
2011-06-06,
2011-06-03,
2011-06-02,
2011-06-01,3
2011-05-31,
2011-05-30,
2011-05-27,
2011-05-26,
2011-05-25,3
2011-05-24,
2011-05-23,
2011-05-20,
2011-05-19,
2011-05-18,3
2011-05-17,
2011-05-16,
2011-05-13,
2011-05-12,
2011-05-11,3
2011-05-10,
2011-05-09,
2011-05-06,
2011-05-05,
2011-05-04,3
2011-05-03,
2011-05-02,
2011-04-29,
2011-04-28,
2011-04-27,3
2011-04-26,
2011-04-25,
2011-04-22,
2011-04-21,
2011-04-20,3
2011-04-19,
2011-04-18,
2011-04-15,
2011-04-14,
2011-04-13,3
2011-04-12,
2011-04-11,
2011-04-08,
2011-04-07,
2011-04-06,3
2011-04-05,
2011-04-04,
2011-04-01,3
2011-03-31,
2011-03-30,3
2011-03-29,
2011-03-28,
2011-03-25,
2011-03-24,
2011-03-23,3
2011-03-22,
2011-03-21,
2011-03-18,
2011-03-17,
2011-03-16,3
2011-03-15,
2011-03-14,
2011-03-11,
2011-03-10,
2011-03-09,3
2011-03-08,
2011-03-07,
2011-03-04,
2011-03-03,
2011-03-02,3
2011-03-01,3
2011-02-28,
2011-02-25,
2011-02-24,
2011-02-23,3
2011-02-22,
2011-02-21,
2011-02-18,
2011-02-17,
2011-02-16,3
2011-02-15,
2011-02-14,
2011-02-11,
2011-02-10,
2011-02-09,3
2011-02-08,
2011-02-07,
2011-02-04,
2011-02-03,
2011-02-02,3
2011-02-01,3
2011-01-31,
2011-01-28,
2011-01-27,
2011-01-26,3
2011-01-25,
2011-01-24,
2011-01-21,
2011-01-20,
2011-01-19,3
2011-01-18,
2011-01-17,
2011-01-14,
2011-01-13,
2011-01-12,3
2011-01-11,
2011-01-10,
2011-01-07,
2011-01-06,
2011-01-05,3
2011-01-04,
2011-01-03,
2010-12-31,
2010-12-30,
2010-12-29,3
2010-12-28,
2010-12-27,
2010-12-24,
2010-12-23,
2010-12-22,3
2010-12-21,
2010-12-20,
2010-12-17,
2010-12-16,
2010-12-15,3
2010-12-14,
2010-12-13,
2010-12-10,
2010-12-09,
2010-12-08,3
2010-12-07,
2010-12-06,
2010-12-03,
2010-12-02,
2010-12-01,3
2010-11-30,
2010-11-29,
2010-11-26,
2010-11-25,
2010-11-24,3
2010-11-23,
2010-11-22,
2010-11-19,
2010-11-18,
2010-11-17,3
2010-11-16,
2010-11-15,
2010-11-12,
2010-11-11,
2010-11-10,3
2010-11-09,
2010-11-08,
2010-11-05,
2010-11-04,
2010-11-03,3
2010-11-02,
2010-11-01,3
2010-10-29,
2010-10-28,
2010-10-27,3
2010-10-26,
2010-10-25,
2010-10-22,
2010-10-21,
2010-10-20,3
2010-10-19,
2010-10-18,
2010-10-15,
2010-10-14,
2010-10-13,3
2010-10-12,
2010-10-11,
2010-10-08,
2010-10-07,
2010-10-06,3
2010-10-05,
2010-10-04,
2010-10-01,3
2010-09-30,
2010-09-29,3
2010-09-28,
2010-09-27,
2010-09-24,
2010-09-23,
2010-09-22,3
2010-09-21,
2010-09-20,
2010-09-17,
2010-09-16,
2010-09-15,3
2010-09-14,
2010-09-13,
2010-09-10,
2010-09-09,
2010-09-08,2.75
2010-09-07,
2010-09-06,
2010-09-03,
2010-09-02,
2010-09-01,2.75
2010-08-31,
2010-08-30,
2010-08-27,
2010-08-26,
2010-08-25,2.75
2010-08-24,
2010-08-23,
2010-08-20,
2010-08-19,
2010-08-18,2.75
2010-08-17,
2010-08-16,
2010-08-13,
2010-08-12,
2010-08-11,2.75
2010-08-10,
2010-08-09,
2010-08-06,
2010-08-05,
2010-08-04,2.75
2010-08-03,
2010-08-02,
2010-07-30,
2010-07-29,
2010-07-28,2.75
2010-07-27,
2010-07-26,
2010-07-23,
2010-07-22,
2010-07-21,2.75
2010-07-20,
2010-07-19,
2010-07-16,
2010-07-15,
2010-07-14,2.5
2010-07-13,
2010-07-12,
2010-07-09,
2010-07-08,
2010-07-07,2.5
2010-07-06,
2010-07-05,
2010-07-02,
2010-07-01,2.75
2010-06-30,2.5
2010-06-29,
2010-06-28,
2010-06-25,
2010-06-24,
2010-06-23,2.5
2010-06-22,
2010-06-21,
2010-06-18,
2010-06-17,
2010-06-16,2.5
2010-06-15,
2010-06-14,
2010-06-11,
2010-06-10,
2010-06-09,2.5
2010-06-08,
2010-06-07,
2010-06-04,
2010-06-03,
2010-06-02,2.5
2010-06-01,2.5
2010-05-31,
2010-05-28,
2010-05-27,
2010-05-26,2.25
2010-05-25,
2010-05-24,
2010-05-21,
2010-05-20,
2010-05-19,2.25
2010-05-18,
2010-05-17,
2010-05-14,
2010-05-13,
2010-05-12,2.25
2010-05-11,
2010-05-10,
2010-05-07,
2010-05-06,
2010-05-05,2.25
2010-05-04,
2010-05-03,
2010-04-30,
2010-04-29,
2010-04-28,2.25
2010-04-27,
2010-04-26,
2010-04-23,
2010-04-22,
2010-04-21,2.25
2010-04-20,
2010-04-19,
2010-04-16,
2010-04-15,
2010-04-14,2.25
2010-04-13,
2010-04-12,
2010-04-09,
2010-04-08,
2010-04-07,2.25
2010-04-06,
2010-04-05,
2010-04-02,
2010-04-01,2.25
2010-03-31,2.25
2010-03-30,
2010-03-29,
2010-03-26,
2010-03-25,
2010-03-24,2.25
2010-03-23,
2010-03-22,
2010-03-19,
2010-03-18,
2010-03-17,2.25
2010-03-16,
2010-03-15,
2010-03-12,
2010-03-11,
2010-03-10,2.25
2010-03-09,
2010-03-08,
2010-03-05,
2010-03-04,
2010-03-03,2.25
2010-03-02,
2010-03-01,2.25
2010-02-26,
2010-02-25,
2010-02-24,2.25
2010-02-23,
2010-02-22,
2010-02-19,
2010-02-18,
2010-02-17,2.25
2010-02-16,
2010-02-15,
2010-02-12,
2010-02-11,
2010-02-10,2.25
2010-02-09,
2010-02-08,
2010-02-05,
2010-02-04,
2010-02-03,2.25
2010-02-02,
2010-02-01,2.25
2010-01-29,
2010-01-28,
2010-01-27,2.25
2010-01-26,
2010-01-25,
2010-01-22,
2010-01-21,
2010-01-20,2.25
2010-01-19,
2010-01-18,
2010-01-15,
2010-01-14,
2010-01-13,2.25
2010-01-12,
2010-01-11,
2010-01-08,
2010-01-07,
2010-01-06,2.25
2010-01-05,
2010-01-04,
2010-01-01,2.25
2009-12-31,
2009-12-30,2.25
2009-12-29,
2009-12-28,
2009-12-25,
2009-12-24,
2009-12-23,2.25
2009-12-22,
2009-12-21,
2009-12-18,
2009-12-17,
2009-12-16,2.25
2009-12-15,
2009-12-14,
2009-12-11,
2009-12-10,
2009-12-09,2.25
2009-12-08,
2009-12-07,
2009-12-04,
2009-12-03,
2009-12-02,2.25
2009-12-01,2.25
2009-11-30,
2009-11-27,
2009-11-26,
2009-11-25,2.25
2009-11-24,
2009-11-23,
2009-11-20,
2009-11-19,
2009-11-18,2.25
2009-11-17,
2009-11-16,
2009-11-13,
2009-11-12,
2009-11-11,2.25
2009-11-10,
2009-11-09,
2009-11-06,
2009-11-05,
2009-11-04,2.25
2009-11-03,
2009-11-02,
2009-10-30,
2009-10-29,
2009-10-28,2.25
2009-10-27,
2009-10-26,
2009-10-23,
2009-10-22,
2009-10-21,2.25
2009-10-20,
2009-10-19,
2009-10-16,
2009-10-15,
2009-10-14,2.25
2009-10-13,
2009-10-12,
2009-10-09,
2009-10-08,
2009-10-07,2.25
2009-10-06,
2009-10-05,
2009-10-02,
2009-10-01,2.25
2009-09-30,2.25
2009-09-29,
2009-09-28,
2009-09-25,
2009-09-24,
2009-09-23,2.25
2009-09-22,
2009-09-21,
2009-09-18,
2009-09-17,
2009-09-16,2.25
2009-09-15,
2009-09-14,
2009-09-11,
2009-09-10,
2009-09-09,2.25
2009-09-08,
2009-09-07,
2009-09-04,
2009-09-03,
2009-09-02,2.25
2009-09-01,2.25
2009-08-31,
2009-08-28,
2009-08-27,
2009-08-26,2.25
2009-08-25,
2009-08-24,
2009-08-21,
2009-08-20,
2009-08-19,2.25
2009-08-18,
2009-08-17,
2009-08-14,
2009-08-13,
2009-08-12,2.25
2009-08-11,
2009-08-10,
2009-08-07,
2009-08-06,
2009-08-05,2.25
2009-08-04,
2009-08-03,
2009-07-31,
2009-07-30,
2009-07-29,2.25
2009-07-28,
2009-07-27,
2009-07-24,
2009-07-23,
2009-07-22,2.25
2009-07-21,
2009-07-20,
2009-07-17,
2009-07-16,
2009-07-15,2.25
2009-07-14,
2009-07-13,
2009-07-10,
2009-07-09,
2009-07-08,2.25
2009-07-07,
2009-07-06,
2009-07-03,
2009-07-02,
2009-07-01,2.25
2009-06-30,
2009-06-29,
2009-06-26,
2009-06-25,
2009-06-24,2.25
2009-06-23,
2009-06-22,
2009-06-19,
2009-06-18,
2009-06-17,2.25
2009-06-16,
2009-06-15,
2009-06-12,
2009-06-11,
2009-06-10,2.25
2009-06-09,
2009-06-08,
2009-06-05,
2009-06-04,
2009-06-03,2.25
2009-06-02,
2009-06-01,2.25
2009-05-29,
2009-05-28,
2009-05-27,2.25
2009-05-26,
2009-05-25,
2009-05-22,
2009-05-21,
2009-05-20,2.25
2009-05-19,
2009-05-18,
2009-05-15,
2009-05-14,
2009-05-13,2.25
2009-05-12,
2009-05-11,
2009-05-08,
2009-05-07,
2009-05-06,2.25
2009-05-05,
2009-05-04,
2009-05-01,2.25
2009-04-30,
2009-04-29,2.25
2009-04-28,
2009-04-27,
2009-04-24,
2009-04-23,
2009-04-22,2.25
2009-04-21,
2009-04-20,
2009-04-17,
2009-04-16,
2009-04-15,2.5
2009-04-14,
2009-04-13,
2009-04-10,
2009-04-09,
2009-04-08,2.5
2009-04-07,
2009-04-06,
2009-04-03,
2009-04-02,
2009-04-01,2.5
2009-03-31,
2009-03-30,
2009-03-27,
2009-03-26,
2009-03-25,2.5
2009-03-24,
2009-03-23,
2009-03-20,
2009-03-19,
2009-03-18,2.5
2009-03-17,
2009-03-16,
2009-03-13,
2009-03-12,
2009-03-11,2.5
2009-03-10,
2009-03-09,
2009-03-06,
2009-03-05,
2009-03-04,2.5
2009-03-03,
2009-03-02,
2009-02-27,
2009-02-26,
2009-02-25,3
2009-02-24,
2009-02-23,
2009-02-20,
2009-02-19,
2009-02-18,3
2009-02-17,
2009-02-16,
2009-02-13,
2009-02-12,
2009-02-11,3
2009-02-10,
2009-02-09,
2009-02-06,
2009-02-05,
2009-02-04,3
2009-02-03,
2009-02-02,
2009-01-30,
2009-01-29,
2009-01-28,3
2009-01-27,
2009-01-26,
2009-01-23,
2009-01-22,
2009-01-21,3
2009-01-20,
2009-01-19,
2009-01-16,
2009-01-15,
2009-01-14,3.5
2009-01-13,
2009-01-12,
2009-01-09,
2009-01-08,
2009-01-07,3.5
2009-01-06,
2009-01-05,
2009-01-02,
2009-01-01,3
2008-12-31,3.5
2008-12-30,
2008-12-29,
2008-12-26,
2008-12-25,
2008-12-24,3.5
2008-12-23,
2008-12-22,
2008-12-19,
2008-12-18,
2008-12-17,3.5
2008-12-16,
2008-12-15,
2008-12-12,
2008-12-11,
2008-12-10,3.5
2008-12-09,
2008-12-08,
2008-12-05,
2008-12-04,
2008-12-03,4
2008-12-02,
2008-12-01,3.5
2008-11-28,
2008-11-27,
2008-11-26,4
2008-11-25,
2008-11-24,
2008-11-21,
2008-11-20,
2008-11-19,4
2008-11-18,
2008-11-17,
2008-11-14,
2008-11-13,
2008-11-12,4
2008-11-11,
2008-11-10,
2008-11-07,
2008-11-06,
2008-11-05,4
2008-11-04,
2008-11-03,
2008-10-31,
2008-10-30,
2008-10-29,4
2008-10-28,
2008-10-27,
2008-10-24,
2008-10-23,
2008-10-22,4
2008-10-21,
2008-10-20,
2008-10-17,
2008-10-16,
2008-10-15,4.25
2008-10-14,
2008-10-13,
2008-10-10,
2008-10-09,
2008-10-08,4.75
2008-10-07,
2008-10-06,
2008-10-03,
2008-10-02,
2008-10-01,4.75
2008-09-30,
2008-09-29,
2008-09-26,
2008-09-25,
2008-09-24,4.75
2008-09-23,
2008-09-22,
2008-09-19,
2008-09-18,
2008-09-17,4.75
2008-09-16,
2008-09-15,
2008-09-12,
2008-09-11,
2008-09-10,4.75
2008-09-09,
2008-09-08,
2008-09-05,
2008-09-04,
2008-09-03,4.75
2008-09-02,
2008-09-01,4.75
2008-08-29,
2008-08-28,
2008-08-27,4.75
2008-08-26,
2008-08-25,
2008-08-22,
2008-08-21,
2008-08-20,4.75
2008-08-19,
2008-08-18,
2008-08-15,
2008-08-14,
2008-08-13,4.75
2008-08-12,
2008-08-11,
2008-08-08,
2008-08-07,
2008-08-06,4.75
2008-08-05,
2008-08-04,
2008-08-01,4.75
2008-07-31,
2008-07-30,4.75
2008-07-29,
2008-07-28,
2008-07-25,
2008-07-24,
2008-07-23,4.75
2008-07-22,
2008-07-21,
2008-07-18,
2008-07-17,
2008-07-16,4.75
2008-07-15,
2008-07-14,
2008-07-11,
2008-07-10,
2008-07-09,4.75
2008-07-08,
2008-07-07,
2008-07-04,
2008-07-03,
2008-07-02,4.75
2008-07-01,4.75
2008-06-30,
2008-06-27,
2008-06-26,
2008-06-25,4.75
2008-06-24,
2008-06-23,
2008-06-20,
2008-06-19,
2008-06-18,4.75
2008-06-17,
2008-06-16,
2008-06-13,
2008-06-12,
2008-06-11,4.75
2008-06-10,
2008-06-09,
2008-06-06,
2008-06-05,
2008-06-04,4.75
2008-06-03,
2008-06-02,
2008-05-30,
2008-05-29,
2008-05-28,4.75
2008-05-27,
2008-05-26,
2008-05-23,
2008-05-22,
2008-05-21,4.75
2008-05-20,
2008-05-19,
2008-05-16,
2008-05-15,
2008-05-14,4.75
2008-05-13,
2008-05-12,
2008-05-09,
2008-05-08,
2008-05-07,4.75
2008-05-06,
2008-05-05,
2008-05-02,
2008-05-01,4.75
2008-04-30,4.75
2008-04-29,
2008-04-28,
2008-04-25,
2008-04-24,
2008-04-23,4.75
2008-04-22,
2008-04-21,
2008-04-18,
2008-04-17,
2008-04-16,5.25
2008-04-15,
2008-04-14,
2008-04-11,
2008-04-10,
2008-04-09,5.25
2008-04-08,
2008-04-07,
2008-04-04,
2008-04-03,
2008-04-02,5.25
2008-04-01,4.75
2008-03-31,
2008-03-28,
2008-03-27,
2008-03-26,5.25
2008-03-25,
2008-03-24,
2008-03-21,
2008-03-20,
2008-03-19,5.25
2008-03-18,
2008-03-17,
2008-03-14,
2008-03-13,
2008-03-12,5.25
2008-03-11,
2008-03-10,
2008-03-07,
2008-03-06,
2008-03-05,5.25
2008-03-04,
2008-03-03,
2008-02-29,
2008-02-28,
2008-02-27,5.75
2008-02-26,
2008-02-25,
2008-02-22,
2008-02-21,
2008-02-20,5.75
2008-02-19,
2008-02-18,
2008-02-15,
2008-02-14,
2008-02-13,5.75
2008-02-12,
2008-02-11,
2008-02-08,
2008-02-07,
2008-02-06,5.75
2008-02-05,
2008-02-04,
2008-02-01,5.75
2008-01-31,
2008-01-30,5.75
2008-01-29,
2008-01-28,
2008-01-25,
2008-01-24,
2008-01-23,5.75
2008-01-22,
2008-01-21,
2008-01-18,
2008-01-17,
2008-01-16,6
2008-01-15,
2008-01-14,
2008-01-11,
2008-01-10,
2008-01-09,6
2008-01-08,
2008-01-07,
2008-01-04,
2008-01-03,
2008-01-02,6
2008-01-01,5.75
2007-12-31,
2007-12-28,
2007-12-27,
2007-12-26,6
2007-12-25,
2007-12-24,
2007-12-21,
2007-12-20,
2007-12-19,6
2007-12-18,
2007-12-17,
2007-12-14,
2007-12-13,
2007-12-12,6
2007-12-11,
2007-12-10,
2007-12-07,
2007-12-06,
2007-12-05,6
2007-12-04,
2007-12-03,
2007-11-30,
2007-11-29,
2007-11-28,6.25
2007-11-27,
2007-11-26,
2007-11-23,
2007-11-22,
2007-11-21,6.25
2007-11-20,
2007-11-19,
2007-11-16,
2007-11-15,
2007-11-14,6.25
2007-11-13,
2007-11-12,
2007-11-09,
2007-11-08,
2007-11-07,6.25
2007-11-06,
2007-11-05,
2007-11-02,
2007-11-01,6.25
2007-10-31,6.25
2007-10-30,
2007-10-29,
2007-10-26,
2007-10-25,
2007-10-24,6.25
2007-10-23,
2007-10-22,
2007-10-19,
2007-10-18,
2007-10-17,6.25
2007-10-16,
2007-10-15,
2007-10-12,
2007-10-11,
2007-10-10,6.25
2007-10-09,
2007-10-08,
2007-10-05,
2007-10-04,
2007-10-03,6.25
2007-10-02,
2007-10-01,6.25
2007-09-28,
2007-09-27,
2007-09-26,6.25
2007-09-25,
2007-09-24,
2007-09-21,
2007-09-20,
2007-09-19,6.25
2007-09-18,
2007-09-17,
2007-09-14,
2007-09-13,
2007-09-12,6.25
2007-09-11,
2007-09-10,
2007-09-07,
2007-09-06,
2007-09-05,6.25
2007-09-04,
2007-09-03,
2007-08-31,
2007-08-30,
2007-08-29,6.25
2007-08-28,
2007-08-27,
2007-08-24,
2007-08-23,
2007-08-22,6.25
2007-08-21,
2007-08-20,
2007-08-17,
2007-08-16,
2007-08-15,6.25
2007-08-14,
2007-08-13,
2007-08-10,
2007-08-09,
2007-08-08,6.25
2007-08-07,
2007-08-06,
2007-08-03,
2007-08-02,
2007-08-01,6.25
2007-07-31,
2007-07-30,
2007-07-27,
2007-07-26,
2007-07-25,6.25
2007-07-24,
2007-07-23,
2007-07-20,
2007-07-19,
2007-07-18,6.25
2007-07-17,
2007-07-16,
2007-07-13,
2007-07-12,
2007-07-11,6.25
2007-07-10,
2007-07-09,
2007-07-06,
2007-07-05,
2007-07-04,6
2007-07-03,
2007-07-02,
2007-06-29,
2007-06-28,
2007-06-27,6
2007-06-26,
2007-06-25,
2007-06-22,
2007-06-21,
2007-06-20,6
2007-06-19,
2007-06-18,
2007-06-15,
2007-06-14,
2007-06-13,6
2007-06-12,
2007-06-11,
2007-06-08,
2007-06-07,
2007-06-06,6
2007-06-05,
2007-06-04,
2007-06-01,6
2007-05-31,
2007-05-30,6
2007-05-29,
2007-05-28,
2007-05-25,
2007-05-24,
2007-05-23,6
2007-05-22,
2007-05-21,
2007-05-18,
2007-05-17,
2007-05-16,6
2007-05-15,
2007-05-14,
2007-05-11,
2007-05-10,
2007-05-09,6
2007-05-08,
2007-05-07,
2007-05-04,
2007-05-03,
2007-05-02,6
2007-05-01,6
2007-04-30,
2007-04-27,
2007-04-26,
2007-04-25,6
2007-04-24,
2007-04-23,
2007-04-20,
2007-04-19,
2007-04-18,6
2007-04-17,
2007-04-16,
2007-04-13,
2007-04-12,
2007-04-11,6
2007-04-10,
2007-04-09,
2007-04-06,
2007-04-05,
2007-04-04,6
2007-04-03,
2007-04-02,
2007-03-30,
2007-03-29,
2007-03-28,6
2007-03-27,
2007-03-26,
2007-03-23,
2007-03-22,
2007-03-21,6
2007-03-20,
2007-03-19,
2007-03-16,
2007-03-15,
2007-03-14,6
2007-03-13,
2007-03-12,
2007-03-09,
2007-03-08,
2007-03-07,6
2007-03-06,
2007-03-05,
2007-03-02,
2007-03-01,6
2007-02-28,6
2007-02-27,
2007-02-26,
2007-02-23,
2007-02-22,
2007-02-21,6
2007-02-20,
2007-02-19,
2007-02-16,
2007-02-15,
2007-02-14,6
2007-02-13,
2007-02-12,
2007-02-09,
2007-02-08,
2007-02-07,6
2007-02-06,
2007-02-05,
2007-02-02,
2007-02-01,6
2007-01-31,6
2007-01-30,
2007-01-29,
2007-01-26,
2007-01-25,
2007-01-24,6
2007-01-23,
2007-01-22,
2007-01-19,
2007-01-18,
2007-01-17,6
2007-01-16,
2007-01-15,
2007-01-12,
2007-01-11,
2007-01-10,6
2007-01-09,
2007-01-08,
2007-01-05,
2007-01-04,
2007-01-03,6
2007-01-02,
2007-01-01,6
2006-12-29,
2006-12-28,
2006-12-27,6
2006-12-26,
2006-12-25,
2006-12-22,
2006-12-21,
2006-12-20,6
2006-12-19,
2006-12-18,
2006-12-15,
2006-12-14,
2006-12-13,6
2006-12-12,
2006-12-11,
2006-12-08,
2006-12-07,
2006-12-06,6
2006-12-05,
2006-12-04,
2006-12-01,6
2006-11-30,
2006-11-29,6
2006-11-28,
2006-11-27,
2006-11-24,
2006-11-23,
2006-11-22,6
2006-11-21,
2006-11-20,
2006-11-17,
2006-11-16,
2006-11-15,6
2006-11-14,
2006-11-13,
2006-11-10,
2006-11-09,
2006-11-08,6
2006-11-07,
2006-11-06,
2006-11-03,
2006-11-02,
2006-11-01,6
2006-10-31,
2006-10-30,
2006-10-27,
2006-10-26,
2006-10-25,6
2006-10-24,
2006-10-23,
2006-10-20,
2006-10-19,
2006-10-18,6
2006-10-17,
2006-10-16,
2006-10-13,
2006-10-12,
2006-10-11,6
2006-10-10,
2006-10-09,
2006-10-06,
2006-10-05,
2006-10-04,6
2006-10-03,
2006-10-02,
2006-09-29,
2006-09-28,
2006-09-27,6
2006-09-26,
2006-09-25,
2006-09-22,
2006-09-21,
2006-09-20,6
2006-09-19,
2006-09-18,
2006-09-15,
2006-09-14,
2006-09-13,6
2006-09-12,
2006-09-11,
2006-09-08,
2006-09-07,
2006-09-06,6
2006-09-05,
2006-09-04,
2006-09-01,6
2006-08-31,
2006-08-30,6
2006-08-29,
2006-08-28,
2006-08-25,
2006-08-24,
2006-08-23,6
2006-08-22,
2006-08-21,
2006-08-18,
2006-08-17,
2006-08-16,6
2006-08-15,
2006-08-14,
2006-08-11,
2006-08-10,
2006-08-09,6
2006-08-08,
2006-08-07,
2006-08-04,
2006-08-03,
2006-08-02,6
2006-08-01,6
2006-07-31,
2006-07-28,
2006-07-27,
2006-07-26,6
2006-07-25,
2006-07-24,
2006-07-21,
2006-07-20,
2006-07-19,6
2006-07-18,
2006-07-17,
2006-07-14,
2006-07-13,
2006-07-12,6
2006-07-11,
2006-07-10,
2006-07-07,
2006-07-06,
2006-07-05,6
2006-07-04,
2006-07-03,
2006-06-30,
2006-06-29,
2006-06-28,6
2006-06-27,
2006-06-26,
2006-06-23,
2006-06-22,
2006-06-21,6
2006-06-20,
2006-06-19,
2006-06-16,
2006-06-15,
2006-06-14,6
2006-06-13,
2006-06-12,
2006-06-09,
2006-06-08,
2006-06-07,6
2006-06-06,
2006-06-05,
2006-06-02,
2006-06-01,6
2006-05-31,6
2006-05-30,
2006-05-29,
2006-05-26,
2006-05-25,
2006-05-24,5.75
2006-05-23,
2006-05-22,
2006-05-19,
2006-05-18,
2006-05-17,5.75
2006-05-16,
2006-05-15,
2006-05-12,
2006-05-11,
2006-05-10,5.75
2006-05-09,
2006-05-08,
2006-05-05,
2006-05-04,
2006-05-03,5.75
2006-05-02,
2006-05-01,6
2006-04-28,
2006-04-27,
2006-04-26,5.75
2006-04-25,
2006-04-24,
2006-04-21,
2006-04-20,
2006-04-19,5.5
2006-04-18,
2006-04-17,
2006-04-14,
2006-04-13,
2006-04-12,5.5
2006-04-11,
2006-04-10,
2006-04-07,
2006-04-06,
2006-04-05,5.5
2006-04-04,
2006-04-03,
2006-03-31,
2006-03-30,
2006-03-29,5.5
2006-03-28,
2006-03-27,
2006-03-24,
2006-03-23,
2006-03-22,5.5
2006-03-21,
2006-03-20,
2006-03-17,
2006-03-16,
2006-03-15,5.5
2006-03-14,
2006-03-13,
2006-03-10,
2006-03-09,
2006-03-08,5.5
2006-03-07,
2006-03-06,
2006-03-03,
2006-03-02,
2006-03-01,5.25
2006-02-28,
2006-02-27,
2006-02-24,
2006-02-23,
2006-02-22,5.25
2006-02-21,
2006-02-20,
2006-02-17,
2006-02-16,
2006-02-15,5.25
2006-02-14,
2006-02-13,
2006-02-10,
2006-02-09,
2006-02-08,5.25
2006-02-07,
2006-02-06,
2006-02-03,
2006-02-02,
2006-02-01,5.25
2006-01-31,
2006-01-30,
2006-01-27,
2006-01-26,
2006-01-25,5.25
2006-01-24,
2006-01-23,
2006-01-20,
2006-01-19,
2006-01-18,5
2006-01-17,
2006-01-16,
2006-01-13,
2006-01-12,
2006-01-11,5
2006-01-10,
2006-01-09,
2006-01-06,
2006-01-05,
2006-01-04,5
2006-01-03,
2006-01-02,
2005-12-30,
2005-12-29,
2005-12-28,5
2005-12-27,
2005-12-26,
2005-12-23,
2005-12-22,
2005-12-21,5
2005-12-20,
2005-12-19,
2005-12-16,
2005-12-15,
2005-12-14,5
2005-12-13,
2005-12-12,
2005-12-09,
2005-12-08,
2005-12-07,5
2005-12-06,
2005-12-05,
2005-12-02,
2005-12-01,5
2005-11-30,4.75
2005-11-29,
2005-11-28,
2005-11-25,
2005-11-24,
2005-11-23,4.75
2005-11-22,
2005-11-21,
2005-11-18,
2005-11-17,
2005-11-16,4.75
2005-11-15,
2005-11-14,
2005-11-11,
2005-11-10,
2005-11-09,4.75
2005-11-08,
2005-11-07,
2005-11-04,
2005-11-03,
2005-11-02,4.75
2005-11-01,4.75
2005-10-31,
2005-10-28,
2005-10-27,
2005-10-26,4.75
2005-10-25,
2005-10-24,
2005-10-21,
2005-10-20,
2005-10-19,4.75
2005-10-18,
2005-10-17,
2005-10-14,
2005-10-13,
2005-10-12,4.5
2005-10-11,
2005-10-10,
2005-10-07,
2005-10-06,
2005-10-05,4.5
2005-10-04,
2005-10-03,
2005-09-30,
2005-09-29,
2005-09-28,4.5
2005-09-27,
2005-09-26,
2005-09-23,
2005-09-22,
2005-09-21,4.5
2005-09-20,
2005-09-19,
2005-09-16,
2005-09-15,
2005-09-14,4.5
2005-09-13,
2005-09-12,
2005-09-09,
2005-09-08,
2005-09-07,4.25
2005-09-06,
2005-09-05,
2005-09-02,
2005-09-01,4.5
2005-08-31,4.25
2005-08-30,
2005-08-29,
2005-08-26,
2005-08-25,
2005-08-24,4.25
2005-08-23,
2005-08-22,
2005-08-19,
2005-08-18,
2005-08-17,4.25
2005-08-16,
2005-08-15,
2005-08-12,
2005-08-11,
2005-08-10,4.25
2005-08-09,
2005-08-08,
2005-08-05,
2005-08-04,
2005-08-03,4.25
2005-08-02,
2005-08-01,4.25
2005-07-29,
2005-07-28,
2005-07-27,4.25
2005-07-26,
2005-07-25,
2005-07-22,
2005-07-21,
2005-07-20,4.25
2005-07-19,
2005-07-18,
2005-07-15,
2005-07-14,
2005-07-13,4.25
2005-07-12,
2005-07-11,
2005-07-08,
2005-07-07,
2005-07-06,4.25
2005-07-05,
2005-07-04,
2005-07-01,4.25
2005-06-30,
2005-06-29,4.25
2005-06-28,
2005-06-27,
2005-06-24,
2005-06-23,
2005-06-22,4.25
2005-06-21,
2005-06-20,
2005-06-17,
2005-06-16,
2005-06-15,4.25
2005-06-14,
2005-06-13,
2005-06-10,
2005-06-09,
2005-06-08,4.25
2005-06-07,
2005-06-06,
2005-06-03,
2005-06-02,
2005-06-01,4.25
2005-05-31,
2005-05-30,
2005-05-27,
2005-05-26,
2005-05-25,4.25
2005-05-24,
2005-05-23,
2005-05-20,
2005-05-19,
2005-05-18,4.25
2005-05-17,
2005-05-16,
2005-05-13,
2005-05-12,
2005-05-11,4.25
2005-05-10,
2005-05-09,
2005-05-06,
2005-05-05,
2005-05-04,4.25
2005-05-03,
2005-05-02,
2005-04-29,
2005-04-28,
2005-04-27,4.25
2005-04-26,
2005-04-25,
2005-04-22,
2005-04-21,
2005-04-20,4.25
2005-04-19,
2005-04-18,
2005-04-15,
2005-04-14,
2005-04-13,4.25
2005-04-12,
2005-04-11,
2005-04-08,
2005-04-07,
2005-04-06,4.25
2005-04-05,
2005-04-04,
2005-04-01,4.25
2005-03-31,
2005-03-30,4.25
2005-03-29,
2005-03-28,
2005-03-25,
2005-03-24,
2005-03-23,4.25
2005-03-22,
2005-03-21,
2005-03-18,
2005-03-17,
2005-03-16,4.25
2005-03-15,
2005-03-14,
2005-03-11,
2005-03-10,
2005-03-09,4.25
2005-03-08,
2005-03-07,
2005-03-04,
2005-03-03,
2005-03-02,4.25
2005-03-01,4.25
2005-02-28,
2005-02-25,
2005-02-24,
2005-02-23,4.25
2005-02-22,
2005-02-21,
2005-02-18,
2005-02-17,
2005-02-16,4.25
2005-02-15,
2005-02-14,
2005-02-11,
2005-02-10,
2005-02-09,4.25
2005-02-08,
2005-02-07,
2005-02-04,
2005-02-03,
2005-02-02,4.25
2005-02-01,4.25
2005-01-31,
2005-01-28,
2005-01-27,
2005-01-26,4.25
2005-01-25,
2005-01-24,
2005-01-21,
2005-01-20,
2005-01-19,4.25
2005-01-18,
2005-01-17,
2005-01-14,
2005-01-13,
2005-01-12,4.25
2005-01-11,
2005-01-10,
2005-01-07,
2005-01-06,
2005-01-05,4.25
2005-01-04,
2005-01-03,
2004-12-31,
2004-12-30,
2004-12-29,4.25
2004-12-28,
2004-12-27,
2004-12-24,
2004-12-23,
2004-12-22,4.25
2004-12-21,
2004-12-20,
2004-12-17,
2004-12-16,
2004-12-15,4.25
2004-12-14,
2004-12-13,
2004-12-10,
2004-12-09,
2004-12-08,4.25
2004-12-07,
2004-12-06,
2004-12-03,
2004-12-02,
2004-12-01,4.25
2004-11-30,
2004-11-29,
2004-11-26,
2004-11-25,
2004-11-24,4.25
2004-11-23,
2004-11-22,
2004-11-19,
2004-11-18,
2004-11-17,4.25
2004-11-16,
2004-11-15,
2004-11-12,
2004-11-11,
2004-11-10,4.25
2004-11-09,
2004-11-08,
2004-11-05,
2004-11-04,
2004-11-03,4.25
2004-11-02,
2004-11-01,4.25
2004-10-29,
2004-10-28,
2004-10-27,4.25
2004-10-26,
2004-10-25,
2004-10-22,
2004-10-21,
2004-10-20,4.25
2004-10-19,
2004-10-18,
2004-10-15,
2004-10-14,
2004-10-13,4
2004-10-12,
2004-10-11,
2004-10-08,
2004-10-07,
2004-10-06,4
2004-10-05,
2004-10-04,
2004-10-01,4.25
2004-09-30,
2004-09-29,4
2004-09-28,
2004-09-27,
2004-09-24,
2004-09-23,
2004-09-22,4
2004-09-21,
2004-09-20,
2004-09-17,
2004-09-16,
2004-09-15,4
2004-09-14,
2004-09-13,
2004-09-10,
2004-09-09,
2004-09-08,3.75
2004-09-07,
2004-09-06,
2004-09-03,
2004-09-02,
2004-09-01,3.75
2004-08-31,
2004-08-30,
2004-08-27,
2004-08-26,
2004-08-25,3.75
2004-08-24,
2004-08-23,
2004-08-20,
2004-08-19,
2004-08-18,3.75
2004-08-17,
2004-08-16,
2004-08-13,
2004-08-12,
2004-08-11,3.75
2004-08-10,
2004-08-09,
2004-08-06,
2004-08-05,
2004-08-04,3.75
2004-08-03,
2004-08-02,
2004-07-30,
2004-07-29,
2004-07-28,3.75
2004-07-27,
2004-07-26,
2004-07-23,
2004-07-22,
2004-07-21,3.75
2004-07-20,
2004-07-19,
2004-07-16,
2004-07-15,
2004-07-14,3.75
2004-07-13,
2004-07-12,
2004-07-09,
2004-07-08,
2004-07-07,3.75
2004-07-06,
2004-07-05,
2004-07-02,
2004-07-01,3.75
2004-06-30,3.75
2004-06-29,
2004-06-28,
2004-06-25,
2004-06-24,
2004-06-23,3.75
2004-06-22,
2004-06-21,
2004-06-18,
2004-06-17,
2004-06-16,3.75
2004-06-15,
2004-06-14,
2004-06-11,
2004-06-10,
2004-06-09,3.75
2004-06-08,
2004-06-07,
2004-06-04,
2004-06-03,
2004-06-02,3.75
2004-06-01,3.75
2004-05-31,
2004-05-28,
2004-05-27,
2004-05-26,3.75
2004-05-25,
2004-05-24,
2004-05-21,
2004-05-20,
2004-05-19,3.75
2004-05-18,
2004-05-17,
2004-05-14,
2004-05-13,
2004-05-12,3.75
2004-05-11,
2004-05-10,
2004-05-07,
2004-05-06,
2004-05-05,3.75
2004-05-04,
2004-05-03,
2004-04-30,
2004-04-29,
2004-04-28,3.75
2004-04-27,
2004-04-26,
2004-04-23,
2004-04-22,
2004-04-21,3.75
2004-04-20,
2004-04-19,
2004-04-16,
2004-04-15,
2004-04-14,3.75
2004-04-13,
2004-04-12,
2004-04-09,
2004-04-08,
2004-04-07,4
2004-04-06,
2004-04-05,
2004-04-02,
2004-04-01,3.75
2004-03-31,4
2004-03-30,
2004-03-29,
2004-03-26,
2004-03-25,
2004-03-24,4
2004-03-23,
2004-03-22,
2004-03-19,
2004-03-18,
2004-03-17,4
2004-03-16,
2004-03-15,
2004-03-12,
2004-03-11,
2004-03-10,4
2004-03-09,
2004-03-08,
2004-03-05,
2004-03-04,
2004-03-03,4
2004-03-02,
2004-03-01,4
2004-02-27,
2004-02-26,
2004-02-25,4.25
2004-02-24,
2004-02-23,
2004-02-20,
2004-02-19,
2004-02-18,4.25
2004-02-17,
2004-02-16,
2004-02-13,
2004-02-12,
2004-02-11,4.25
2004-02-10,
2004-02-09,
2004-02-06,
2004-02-05,
2004-02-04,4.25
2004-02-03,
2004-02-02,
2004-01-30,
2004-01-29,
2004-01-28,4.25
2004-01-27,
2004-01-26,
2004-01-23,
2004-01-22,
2004-01-21,4.25
2004-01-20,
2004-01-19,
2004-01-16,
2004-01-15,
2004-01-14,4.5
2004-01-13,
2004-01-12,
2004-01-09,
2004-01-08,
2004-01-07,4.5
2004-01-06,
2004-01-05,
2004-01-02,
2004-01-01,4.25
2003-12-31,4.5
2003-12-30,
2003-12-29,
2003-12-26,
2003-12-25,
2003-12-24,4.5
2003-12-23,
2003-12-22,
2003-12-19,
2003-12-18,
2003-12-17,4.5
2003-12-16,
2003-12-15,
2003-12-12,
2003-12-11,
2003-12-10,4.5
2003-12-09,
2003-12-08,
2003-12-05,
2003-12-04,
2003-12-03,4.5
2003-12-02,
2003-12-01,4.5
2003-11-28,
2003-11-27,
2003-11-26,4.5
2003-11-25,
2003-11-24,
2003-11-21,
2003-11-20,
2003-11-19,4.5
2003-11-18,
2003-11-17,
2003-11-14,
2003-11-13,
2003-11-12,4.5
2003-11-11,
2003-11-10,
2003-11-07,
2003-11-06,
2003-11-05,4.5
2003-11-04,
2003-11-03,
2003-10-31,
2003-10-30,
2003-10-29,4.5
2003-10-28,
2003-10-27,
2003-10-24,
2003-10-23,
2003-10-22,4.5
2003-10-21,
2003-10-20,
2003-10-17,
2003-10-16,
2013-09-01,3
2013-06-01,3
2012-12-01,3
2012-09-01,3
2012-07-01,3
2012-04-01,3
2012-01-01,3
2011-10-01,3
2011-05-01,3
2011-01-01,3
2010-08-01,2.75
2010-05-01,2.25
2009-11-01,2.25
2009-08-01,2.25
2009-03-01,2.5
2009-02-01,3
2008-11-01,4
2008-06-01,4.75
2008-03-01,5.25
2007-12-01,6
2007-09-01,6.25
2007-07-01,6.25
2007-04-01,6
2006-10-01,6
2006-07-01,6
2006-04-01,5.75
2006-01-01,5.25
2005-10-01,4.75
2005-05-01,4.25
2005-01-01,4.25
2004-08-01,3.75
2004-05-01,3.75
2004-02-01,4.25
2003-11-01,4.5
2003-10-01,4.5
2003-09-01,4.5
2003-08-01,4.75
2003-07-01,4.75
2003-06-01,5
2003-05-01,5
2003-04-01,5
2003-03-01,4.75
2003-02-01,4.5
2003-01-01,4.5
2002-12-01,4.5
2002-11-01,4.5
2002-10-01,4.5
2002-09-01,4.5
2002-08-01,4.5
2002-07-01,4.5
2002-06-01,4.25
2002-05-01,4
2002-04-01,4
2002-03-01,3.75
2002-02-01,3.75
2002-01-01,3.75
2001-12-01,4
2001-11-01,4
2001-10-01,4.5
2001-09-01,5.25
2001-08-01,5.75
2001-07-01,6
2001-06-01,6.25
2001-05-01,6.25
2001-04-01,6.5
2001-03-01,6.75
2001-02-01,7.25
2001-01-01,7.25
2000-12-01,7.5
2000-11-01,7.5
2000-10-01,7.5
2000-09-01,7.5
2000-08-01,7.5
2000-07-01,7.5
2000-06-01,7.5
2000-05-01,7.5
2000-04-01,7
2000-03-01,7
2000-02-01,6.75
2000-01-01,6.5
1999-12-01,6.5
1999-11-01,6.5
1999-10-01,6.25
1999-09-01,6.25
1999-08-01,6.25
1999-07-01,6.25
1999-06-01,6.25
1999-05-01,6.25
1999-04-01,6.5
1999-03-01,6.75
1999-02-01,6.75
1999-01-01,6.75
1998-12-01,6.75
1998-11-01,6.75
1998-10-01,7
1998-09-01,7.25
1998-08-01,6.5
1998-07-01,6.5
1998-06-01,6.5
1998-05-01,6.5
1998-04-01,6.5
1998-03-01,6.5
1998-02-01,6.5
1998-01-01,6
1997-12-01,6
1997-11-01,5.5
1997-10-01,5.25
1997-09-01,4.75
1997-08-01,4.75
1997-07-01,4.75
1997-06-01,4.75
1997-05-01,4.75
1997-04-01,4.75
1997-03-01,4.75
1997-02-01,4.75
1997-01-01,4.75
1996-12-01,4.75
1996-11-01,4.75
1996-10-01,5
1996-09-01,5.75
1996-08-01,5.75
1996-07-01,6.25
1996-06-01,6.5
1996-05-01,6.5
1996-04-01,6.5
1996-03-01,6.75
1996-02-01,7
1996-01-01,7.25
1995-12-01,7.5
1995-11-01,7.75
1995-10-01,8
1995-09-01,8
1995-08-01,8
1995-07-01,8.25
1995-06-01,8.75
1995-05-01,9.25
1995-04-01,9.75
1995-03-01,9.75
1995-02-01,9.5
1995-01-01,9.25
1994-12-01,8
1994-11-01,7
1994-10-01,7
1994-09-01,7
1994-08-01,7.25
1994-07-01,7.5
1994-06-01,8
1994-05-01,6.75
1994-04-01,6.75
1994-03-01,6.25
1994-02-01,5.5
1994-01-01,5.5
1993-12-01,5.5
1993-11-01,5.5
1993-10-01,5.75
1993-09-01,5.75
1993-08-01,5.75
1993-07-01,5.75
1993-06-01,6
1993-05-01,6
1993-04-01,6
1993-03-01,6
1993-02-01,6.5
1993-01-01,6.75
1992-12-01,7.25
1992-11-01,9.75
1992-10-01,7.75
1992-09-01,6.25
1992-08-01,6.5
1992-07-01,6.75
1992-06-01,7
1992-05-01,7.5
1992-04-01,7.75
1992-03-01,8.25
1992-02-01,7.5
1992-01-01,7.5
1991-12-01,8
1991-11-01,8.5
1991-10-01,8.75
1991-09-01,9.5
1991-08-01,9.75
1991-07-01,9.75
1991-06-01,9.75
1991-05-01,9.75
1991-04-01,10.75
1991-03-01,11.25
1991-02-01,11.25
1991-01-01,12.25
1990-12-01,12.75
1990-11-01,13.25
1990-10-01,13.75
1990-09-01,13.75
1990-08-01,14.25
1990-07-01,14.75
1990-06-01,14.75
1990-05-01,14.75
1990-04-01,14.75
1990-03-01,14.25
1990-02-01,14.25
1990-01-01,13.5
1989-12-01,13.5
1989-11-01,13.5
1989-10-01,13.5
1989-09-01,13.5
1989-08-01,13.5
1989-07-01,13.5
1989-06-01,13.5
1989-05-01,13.5
1989-04-01,13.5
1989-03-01,13.5
1989-02-01,12.75
1989-01-01,12.25
1988-12-01,12.25
1988-11-01,11.75
1988-10-01,11.75
1988-09-01,11.75
1988-08-01,11.25
1988-07-01,10.75
1988-06-01,10.75
1988-05-01,10.25
1988-04-01,10.25
1988-03-01,9.75
1988-02-01,9.75
1988-01-01,9.75
1987-12-01,9.75
1987-11-01,9.75
1987-10-01,9.75
1987-09-01,10
1987-08-01,10
1987-07-01,9.5
1987-06-01,9.5
1987-05-01,9.5
1987-04-01,9.25
1987-03-01,8.75
1987-02-01,9.25
1987-01-01,9.25
1986-12-01,9.75
1986-11-01,9.75
1986-10-01,9.75
1986-09-01,9.75
1986-08-01,9.75
1986-07-01,9.75
1986-06-01,10.25
1986-05-01,10.25
1986-04-01,11.25
1986-03-01,12
1986-02-01,13
1986-01-01,11
1985-12-01,10
1985-11-01,10
1985-10-01,10
1985-09-01,10.25
1985-08-01,10.25
1985-07-01,10.5
1985-06-01,10.5
1985-05-01,10.5
1985-04-01,10.75
1985-03-01,11.75
1985-02-01,11.5
1985-01-01,11
1984-12-01,11.25
1984-11-01,12
1984-10-01,12.5
1984-09-01,13
1984-08-01,13
1984-07-01,13.5
1984-06-01,12.5
1984-05-01,12
1984-04-01,11.5
1984-03-01,11.5
1984-02-01,11
1984-01-01,11
1983-12-01,11
1983-11-01,11
1983-10-01,11
1983-09-01,11
1983-08-01,11
1983-07-01,11
1983-06-01,11
1983-05-01,11
1983-04-01,11
1983-03-01,11.5
1983-02-01,11.5
1983-01-01,12
1982-12-01,12.5
1982-11-01,13
1982-10-01,13.75
1982-09-01,15
1982-08-01,16
1982-07-01,17.25
1982-06-01,18.25
1982-05-01,17
1982-04-01,17
1982-03-01,17
1982-02-01,16.5
1982-01-01,16.5
1981-12-01,17.25
1981-11-01,17.25
1981-10-01,20
1981-09-01,21.25
1981-08-01,22.75
1981-07-01,21
1981-06-01,20
1981-05-01,19.5
1981-04-01,18.25
1981-03-01,17.75
1981-02-01,18.25
1981-01-01,18.25
1980-12-01,18.25
1980-11-01,13.75
1980-10-01,12.75
1980-09-01,12.25
1980-08-01,12.25
1980-07-01,12.25
1980-06-01,13.25
1980-05-01,13.75
1980-04-01,16.75
1980-03-01,15.75
1980-02-01,15
1980-01-01,15
1979-12-01,15
1979-11-01,15
1979-10-01,14.75
1979-09-01,13
1979-08-01,12.5
1979-07-01,12.5
1979-06-01,12
1979-05-01,12
1979-04-01,12
1979-03-01,12
1979-02-01,12
1979-01-01,12
1978-12-01,11.5
1978-11-01,11.5
1978-10-01,11
1978-09-01,10.25
1978-08-01,9.75
1978-07-01,9.25
1978-06-01,9.25
1978-05-01,9.25
1978-04-01,9.25
1978-03-01,8.75
1978-02-01,8.25
1978-01-01,8.25
1977-12-01,8.25
1977-11-01,8.25
1977-10-01,8.25
1977-09-01,8.25
1977-08-01,8.25
1977-07-01,8.25
1977-06-01,8.25
1977-05-01,8.75
1977-04-01,8.75
1977-03-01,8.75
1977-02-01,8.75
1977-01-01,9.25
1976-12-01,9.25
1976-11-01,9.75
1976-10-01,10.25
1976-09-01,10.25
1976-08-01,10.25
1976-07-01,10.25
1976-06-01,10.25
1976-05-01,10.25
1976-04-01,10.25
1976-03-01,10.25
1976-02-01,9.75
1976-01-01,9.75
1975-12-01,9.75
1975-11-01,9.75
1975-10-01,9.75
1975-09-01,9.75
1975-08-01,9
1975-07-01,9
1975-06-01,9
1975-05-01,9
1975-04-01,9
1975-03-01,9
1975-02-01,9.5
1975-01-01,10.5
1974-12-01,11
1974-11-01,11
1974-10-01,11.5
1974-09-01,11.5
1974-08-01,11.5
1974-07-01,11.5
1974-06-01,11
1974-05-01,11
1974-04-01,10.5
1974-03-01,9.5
1974-02-01,9.5
1974-01-01,9.5
1973-12-01,9.5
1973-11-01,9
1973-10-01,9
1973-09-01,9
1973-08-01,8.25
1973-07-01,7.75
1973-06-01,7.75
1973-05-01,7
1973-04-01,6.5
1973-03-01,6
1973-02-01,6
1973-01-01,6
1972-12-01,6
1972-11-01,6
1972-10-01,6
1972-09-01,6
1972-08-01,6
1972-07-01,6
1972-06-01,6
1972-05-01,6
1972-04-01,6
1972-03-01,6
1972-02-01,6
1972-01-01,6
1971-12-01,6
1971-11-01,6
1971-10-01,6.25
1971-09-01,6.5
1971-08-01,6.5
1971-07-01,6.5
1971-06-01,6.5
1971-05-01,6.5
1971-04-01,6.5
1971-03-01,6.5
1971-02-01,7
1971-01-01,7
1970-12-01,7.5
1970-11-01,7.5
1970-10-01,8
1970-09-01,8
1970-08-01,8
1970-07-01,8
1970-06-01,8.5
1970-05-01,8.5
1970-04-01,8.5
1970-03-01,8.5
1970-02-01,8.5
1970-01-01,8.5
1969-12-01,8.5
1969-11-01,8.5
1969-10-01,8.5
1969-09-01,8.5
1969-08-01,8.5
1969-07-01,8.5
1969-06-01,8
1969-05-01,7.5
1969-04-01,7.5
1969-03-01,7.5
1969-02-01,7
1969-01-01,7
1968-12-01,6.75
1968-11-01,6.75
1968-10-01,6.75
1968-09-01,6.75
1968-08-01,7
1968-07-01,7
1968-06-01,7.25
1968-05-01,7.25
1968-04-01,7
1968-03-01,7
1968-02-01,7
1968-01-01,6.5
1967-12-01,6.5
1967-11-01,6
1967-10-01,6
1967-09-01,5.75
1967-08-01,5.75
1967-07-01,5.75
1967-06-01,5.75
1967-05-01,5.75
1967-04-01,5.75
1967-03-01,6
1967-02-01,6
1967-01-01,6
1966-12-01,6
1966-11-01,6
1966-10-01,6
1966-09-01,6
1966-08-01,6
1966-07-01,6
1966-06-01,6
1966-05-01,6
1966-04-01,6
1966-03-01,6
1966-02-01,6
1966-01-01,6
1965-12-01,6
1965-11-01,5.75
1965-10-01,5.75
1965-09-01,5.75
1965-08-01,5.75
1965-07-01,5.75
1965-06-01,5.75
1965-05-01,5.75
1965-04-01,5.75
1965-03-01,5.75
1965-02-01,5.75
1965-01-01,5.75
1964-12-01,5.75
1964-11-01,5.75
1964-10-01,5.75
1964-09-01,5.75
1964-08-01,5.75
1964-07-01,5.75
1964-06-01,5.75
1964-05-01,5.75
1964-04-01,5.75
1964-03-01,5.75
1964-02-01,5.75
1964-01-01,5.75
1963-12-01,5.75
1963-11-01,5.75
1963-10-01,5.75
1963-09-01,5.75
1963-08-01,5.75
1963-07-01,5.75
1963-06-01,5.75
1963-05-01,5.75
1963-04-01,5.75
1963-03-01,5.75
1963-02-01,5.75
1963-01-01,5.75
1962-12-01,5.75
1962-11-01,5.75
1962-10-01,6
1962-09-01,6
1962-08-01,6
1962-07-01,6
1962-06-01,5.5
1962-05-01,5.5
1962-04-01,5.5
1962-03-01,5.5
1962-02-01,5.5
1962-01-01,5.5
1961-12-01,5.5
1961-11-01,5.5
1961-10-01,5.5
1961-09-01,5.5
1961-08-01,5.5
1961-07-01,5.5
1961-06-01,5.5
1961-05-01,5.75
1961-04-01,5.75
1961-03-01,5.75
1961-02-01,5.75
1961-01-01,5.75
1960-12-01,5.75
1960-11-01,5.75
1960-10-01,5.75
1960-09-01,5.75
1960-08-01,5.75
1960-07-01,5.75
1960-06-01,5.75
1960-05-01,5.75
1960-04-01,5.75
1960-03-01,5.75
1960-02-01,5.75
1960-01-01,5.75
1959-12-01,5.75
1959-11-01,5.75
1959-10-01,5.75
1959-09-01,5.75
1959-08-01,5.75
1959-07-01,5.75
1959-06-01,5.75
1959-05-01,5.75
1959-04-01,5.75
1959-03-01,5.5
1959-02-01,5.25
1959-01-01,5.25
1958-12-01,5.25
1958-11-01,5.25
1958-10-01,5.25
1958-09-01,5.25
1958-08-01,5.25
1958-07-01,5.25
1958-06-01,5.25
1958-05-01,5.25
1958-04-01,5.25
1958-03-01,5.25
1958-02-01,5.25
1958-01-01,5.5
1957-12-01,5.5
1957-11-01,5.75
1957-10-01,5.75
1957-09-01,5.75
1957-08-01,5.75
1957-07-01,5.5
1957-06-01,5.5
1957-05-01,5.5
1957-04-01,5.5
1957-03-01,5.5
1957-02-01,5.5
1957-01-01,5.5
1956-12-01,5.5
1956-11-01,5.5
1956-10-01,5.5
1956-09-01,5.25
1956-08-01,5.25
1956-07-01,5
1956-06-01,5
1956-05-01,5
1956-04-01,5
1956-03-01,4.5
1956-02-01,4.5
1956-01-01,4.5
1955-12-01,4.5
1955-11-01,4.5
1955-10-01,4.5
1955-09-01,4.5
1955-08-01,4.5
1955-07-01,4.5
1955-06-01,4.5
1955-05-01,4.5
1955-04-01,4.5
1955-03-01,4.5
1955-02-01,4.5
1955-01-01,4.5
1954-12-01,4.5
1954-11-01,4.5
1954-10-01,4.5
1954-09-01,4.5
1954-08-01,4.5
1954-07-01,4.5
1954-06-01,4.5
1954-05-01,4.5
1954-04-01,4.5
1954-03-01,4.5
1954-02-01,4.5
1954-01-01,4.5
1953-12-01,4.5
1953-11-01,4.5
1953-10-01,4.5
1953-09-01,4.5
1953-08-01,4.5
1953-07-01,4.5
1953-06-01,4.5
1953-05-01,4.5
1953-04-01,4.5
1953-03-01,4.5
1953-02-01,4.5
1953-01-01,4.5
1952-12-01,4.5
1952-11-01,4.5
1952-10-01,4.5
1952-09-01,4.5
1952-08-01,4.5
1952-07-01,4.5
1952-06-01,4.5
1952-05-01,4.5
1952-04-01,4.5
1952-03-01,4.5
1952-02-01,4.5
1952-01-01,4.5
1951-12-01,4.5
1951-11-01,4.5
1951-10-01,4.5
1951-09-01,4.5
1951-08-01,4.5
1951-07-01,4.5
1951-06-01,4.5
1951-05-01,4.5
1951-04-01,4.5
1951-03-01,4.5
1951-02-01,4.5
1951-01-01,4.5
1950-12-01,4.5
1950-11-01,4.5
1950-10-01,4.5
1950-09-01,4.5
1950-08-01,4.5
1950-07-01,4.5
1950-06-01,4.5
1950-05-01,4.5
1950-04-01,4.5
1950-03-01,4.5
1950-02-01,4.5
1950-01-01,4.5
1949-12-01,4.5
1949-11-01,4.5
1949-10-01,4.5
1949-09-01,4.5
1949-08-01,4.5
1949-07-01,4.5
1949-06-01,4.5
1949-05-01,4.5
1949-04-01,4.5
1949-03-01,4.5
1949-02-01,4.5
1949-01-01,4.5
1948-12-01,4.5
1948-11-01,4.5
1948-10-01,4.5
1948-09-01,4.5
1948-08-01,4.5
1948-07-01,4.5
1948-06-01,4.5
1948-05-01,4.5
1948-04-01,4.5
1948-03-01,4.5
1948-02-01,4.5
1948-01-01,4.5
1947-12-01,4.5
1947-11-01,4.5
1947-10-01,4.5
1947-09-01,4.5
1947-08-01,4.5
1947-07-01,4.5
1947-06-01,4.5
1947-05-01,4.5
1947-04-01,4.5
1947-03-01,4.5
1947-02-01,4.5
1947-01-01,4.5
1946-12-01,4.5
1946-11-01,4.5
1946-10-01,4.5
1946-09-01,4.5
1946-08-01,4.5
1946-07-01,4.5
1946-06-01,4.5
1946-05-01,4.5
1946-04-01,4.5
1946-03-01,4.5
1946-02-01,4.5
1946-01-01,4.5
1945-12-01,4.5
1945-11-01,4.5
1945-10-01,4.5
1945-09-01,4.5
1945-08-01,4.5
1945-07-01,4.5
1945-06-01,4.5
1945-05-01,4.5
1945-04-01,4.5
1945-03-01,4.5
1945-02-01,4.5
1945-01-01,4.5
1944-12-01,4.5
1944-11-01,4.5
1944-10-01,5
1944-09-01,5
1944-08-01,5
1944-07-01,5
1944-06-01,5
1944-05-01,5
1944-04-01,5
1944-03-01,5
1944-02-01,5
1944-01-01,5
1943-12-01,5
1943-11-01,5
1943-10-01,5
1943-09-01,5
1943-08-01,5
1943-07-01,5
1943-06-01,5
1943-05-01,5
1943-04-01,5
1943-03-01,5
1943-02-01,5
1943-01-01,5
1942-12-01,5
1942-11-01,5
1942-10-01,5
1942-09-01,5
1942-08-01,5
1942-07-01,5
1942-06-01,5
1942-05-01,5
1942-04-01,5
1942-03-01,5
1942-02-01,5
1942-01-01,5
1941-12-01,5
1941-11-01,5
1941-10-01,5
1941-09-01,5
1941-08-01,5
1941-07-01,5
1941-06-01,5
1941-05-01,5
1941-04-01,5
1941-03-01,5
1941-02-01,5
1941-01-01,5
1940-12-01,5
1940-11-01,5
1940-10-01,5
1940-09-01,5
1940-08-01,5
1940-07-01,5
1940-06-01,5
1940-05-01,5
1940-04-01,5
1940-03-01,5
1940-02-01,5
1940-01-01,5
1939-12-01,5
1939-11-01,5
1939-10-01,5
1939-09-01,5
1939-08-01,5
1939-07-01,5
1939-06-01,5
1939-05-01,5
1939-04-01,5
1939-03-01,5
1939-02-01,5
1939-01-01,5
1938-12-01,5
1938-11-01,5
1938-10-01,5
1938-09-01,5
1938-08-01,5
1938-07-01,5
1938-06-01,5
1938-05-01,5
1938-04-01,5
1938-03-01,5
1938-02-01,5
1938-01-01,5
1937-12-01,5
1937-11-01,5
1937-10-01,5
1937-09-01,5
1937-08-01,5
1937-07-01,5
1937-06-01,5
1937-05-01,5
1937-04-01,5
1937-03-01,5
1937-02-01,5
1937-01-01,5
1936-12-01,5
1936-11-01,5
1936-10-01,5
1936-09-01,5
1936-08-01,5
1936-07-01,5
1936-06-01,5
1936-05-01,5.5
1936-04-01,5.5
1936-03-01,5.5
1936-02-01,5.5
1936-01-01,5.5
1935-12-01,5.5
1935-11-01,5.5
1935-10-01,5.5
1935-09-01,5.5
1935-08-01,5.5
1935-07-01,5.5
1935-06-01,5.5
1935-05-01,5.5
1935-04-01,5.5
1935-03-01,5.5
1935-02-01,5.5
1935-01-01,5.5